Gifts,Scores
ball_1099 ball_1098 ball_1097 blocks_999 blocks_998 blocks_997,38.168303667800004
ball_1096 ball_1095 ball_1094 blocks_996 blocks_995 blocks_994,38.168303667800004
ball_1093 ball_1092 ball_1091 blocks_993 blocks_992 blocks_991,38.168303667800004
ball_1090 ball_1089 ball_1088 blocks_990 blocks_989 blocks_988,38.168303667800004
ball_1087 ball_1086 ball_1085 blocks_987 blocks_986 blocks_985,38.168303667800004
ball_1084 ball_1083 ball_1082 blocks_984 blocks_983 blocks_982,38.168303667800004
ball_1081 ball_1080 ball_1079 blocks_981 blocks_980 blocks_979,38.168303667800004
ball_1078 ball_1077 ball_1076 blocks_978 blocks_977 blocks_976,38.168303667800004
ball_1075 ball_1074 ball_1073 blocks_975 blocks_974 blocks_973,38.168303667800004
ball_1072 ball_1071 ball_1070 blocks_972 blocks_971 blocks_970,38.168303667800004
ball_1069 ball_1068 ball_1067 blocks_969 blocks_968 blocks_967,38.168303667800004
ball_1066 ball_1065 ball_1064 blocks_966 blocks_965 blocks_964,38.168303667800004
ball_1063 ball_1062 ball_1061 blocks_963 blocks_962 blocks_961,38.168303667800004
ball_1060 ball_1059 ball_1058 blocks_960 blocks_959 blocks_958,38.168303667800004
ball_1057 ball_1056 ball_1055 blocks_957 blocks_956 blocks_955,38.168303667800004
ball_1054 ball_1053 ball_1052 blocks_954 blocks_953 blocks_952,38.168303667800004
ball_1051 ball_1050 ball_1049 blocks_951 blocks_950 blocks_949,38.168303667800004
ball_1048 ball_1047 ball_1046 blocks_948 blocks_947 blocks_946,38.168303667800004
ball_1045 ball_1044 ball_1043 blocks_945 blocks_944 blocks_943,38.168303667800004
ball_1042 ball_1041 ball_1040 blocks_942 blocks_941 blocks_940,38.168303667800004
ball_1039 ball_1038 ball_1037 blocks_939 blocks_938 blocks_937,38.168303667800004
ball_1036 ball_1035 ball_1034 blocks_936 blocks_935 blocks_934,38.168303667800004
ball_1033 ball_1032 ball_1031 blocks_933 blocks_932 blocks_931,38.168303667800004
ball_1030 ball_1029 ball_1028 blocks_930 blocks_929 blocks_928,38.168303667800004
ball_1027 ball_1026 ball_1025 blocks_927 blocks_926 blocks_925,38.168303667800004
ball_1024 ball_1023 ball_1022 blocks_924 blocks_923 blocks_922,38.168303667800004
ball_1021 ball_1020 ball_1019 blocks_921 blocks_920 blocks_919,38.168303667800004
ball_1018 ball_1017 ball_1016 blocks_918 blocks_917 blocks_916,38.168303667800004
ball_1015 ball_1014 ball_1013 blocks_915 blocks_914 blocks_913,38.168303667800004
ball_1012 ball_1011 ball_1010 blocks_912 blocks_911 blocks_910,38.168303667800004
ball_1009 ball_1008 ball_1007 blocks_909 blocks_908 blocks_907,38.168303667800004
ball_1006 ball_1005 ball_1004 blocks_906 blocks_905 blocks_904,38.168303667800004
ball_1003 ball_1002 ball_1001 blocks_903 blocks_902 blocks_901,38.168303667800004
ball_1000 ball_999 ball_998 blocks_900 blocks_899 blocks_898,38.168303667800004
ball_997 ball_996 ball_995 blocks_897 blocks_896 blocks_895,38.168303667800004
ball_994 ball_993 ball_992 blocks_894 blocks_893 blocks_892,38.168303667800004
ball_991 ball_990 ball_989 blocks_891 blocks_890 blocks_889,38.168303667800004
ball_988 ball_987 ball_986 blocks_888 blocks_887 blocks_886,38.168303667800004
ball_985 ball_984 ball_983 blocks_885 blocks_884 blocks_883,38.168303667800004
ball_982 ball_981 ball_980 blocks_882 blocks_881 blocks_880,38.168303667800004
ball_979 ball_978 ball_977 blocks_879 blocks_878 blocks_877,38.168303667800004
ball_976 ball_975 ball_974 blocks_876 blocks_875 blocks_874,38.168303667800004
ball_973 ball_972 ball_971 blocks_873 blocks_872 blocks_871,38.168303667800004
ball_970 ball_969 ball_968 blocks_870 blocks_869 blocks_868,38.168303667800004
ball_967 ball_966 ball_965 blocks_867 blocks_866 blocks_865,38.168303667800004
ball_964 ball_963 ball_962 blocks_864 blocks_863 blocks_862,38.168303667800004
ball_961 ball_960 ball_959 blocks_861 blocks_860 blocks_859,38.168303667800004
ball_958 ball_957 ball_956 blocks_858 blocks_857 blocks_856,38.168303667800004
ball_955 ball_954 ball_953 blocks_855 blocks_854 blocks_853,38.168303667800004
ball_952 ball_951 ball_950 blocks_852 blocks_851 blocks_850,38.168303667800004
ball_949 ball_948 ball_947 blocks_849 blocks_848 blocks_847,38.168303667800004
ball_946 ball_945 ball_944 blocks_846 blocks_845 blocks_844,38.168303667800004
ball_943 ball_942 ball_941 blocks_843 blocks_842 blocks_841,38.168303667800004
ball_940 ball_939 ball_938 blocks_840 blocks_839 blocks_838,38.168303667800004
ball_937 ball_936 ball_935 blocks_837 blocks_836 blocks_835,38.168303667800004
ball_934 ball_933 ball_932 blocks_834 blocks_833 blocks_832,38.168303667800004
ball_931 ball_930 ball_929 blocks_831 blocks_830 blocks_829,38.168303667800004
ball_928 ball_927 ball_926 blocks_828 blocks_827 blocks_826,38.168303667800004
ball_925 ball_924 ball_923 blocks_825 blocks_824 blocks_823,38.168303667800004
ball_922 ball_921 ball_920 blocks_822 blocks_821 blocks_820,38.168303667800004
ball_919 ball_918 ball_917 blocks_819 blocks_818 blocks_817,38.168303667800004
ball_916 ball_915 ball_914 blocks_816 blocks_815 blocks_814,38.168303667800004
ball_913 ball_912 ball_911 blocks_813 blocks_812 blocks_811,38.168303667800004
ball_910 ball_909 ball_908 blocks_810 blocks_809 blocks_808,38.168303667800004
ball_907 ball_906 ball_905 blocks_807 blocks_806 blocks_805,38.168303667800004
ball_904 ball_903 ball_902 blocks_804 blocks_803 blocks_802,38.168303667800004
ball_901 ball_900 ball_899 blocks_801 blocks_800 blocks_799,38.168303667800004
ball_898 ball_897 ball_896 blocks_798 blocks_797 blocks_796,38.168303667800004
ball_895 ball_894 ball_893 blocks_795 blocks_794 blocks_793,38.168303667800004
ball_892 ball_891 ball_890 blocks_792 blocks_791 blocks_790,38.168303667800004
ball_889 ball_888 ball_887 blocks_789 blocks_788 blocks_787,38.168303667800004
ball_886 ball_885 ball_884 blocks_786 blocks_785 blocks_784,38.168303667800004
ball_883 ball_882 ball_881 blocks_783 blocks_782 blocks_781,38.168303667800004
ball_880 ball_879 ball_878 blocks_780 blocks_779 blocks_778,38.168303667800004
ball_877 ball_876 ball_875 blocks_777 blocks_776 blocks_775,38.168303667800004
ball_874 ball_873 ball_872 blocks_774 blocks_773 blocks_772,38.168303667800004
ball_871 ball_870 ball_869 blocks_771 blocks_770 blocks_769,38.168303667800004
ball_868 ball_867 ball_866 blocks_768 blocks_767 blocks_766,38.168303667800004
ball_865 ball_864 ball_863 blocks_765 blocks_764 blocks_763,38.168303667800004
ball_862 ball_861 ball_860 blocks_762 blocks_761 blocks_760,38.168303667800004
ball_859 ball_858 ball_857 blocks_759 blocks_758 blocks_757,38.168303667800004
ball_856 ball_855 ball_854 blocks_756 blocks_755 blocks_754,38.168303667800004
ball_853 ball_852 ball_851 blocks_753 blocks_752 blocks_751,38.168303667800004
ball_850 ball_849 ball_848 blocks_750 blocks_749 blocks_748,38.168303667800004
ball_847 ball_846 ball_845 blocks_747 blocks_746 blocks_745,38.168303667800004
ball_844 ball_843 ball_842 blocks_744 blocks_743 blocks_742,38.168303667800004
ball_841 ball_840 ball_839 blocks_741 blocks_740 blocks_739,38.168303667800004
ball_838 ball_837 ball_836 blocks_738 blocks_737 blocks_736,38.168303667800004
ball_835 ball_834 ball_833 blocks_735 blocks_734 blocks_733,38.168303667800004
ball_832 ball_831 ball_830 blocks_732 blocks_731 blocks_730,38.168303667800004
ball_829 ball_828 ball_827 blocks_729 blocks_728 blocks_727,38.168303667800004
ball_826 ball_825 ball_824 blocks_726 blocks_725 blocks_724,38.168303667800004
ball_823 ball_822 ball_821 blocks_723 blocks_722 blocks_721,38.168303667800004
ball_820 ball_819 ball_818 blocks_720 blocks_719 blocks_718,38.168303667800004
ball_817 ball_816 ball_815 blocks_717 blocks_716 blocks_715,38.168303667800004
ball_814 ball_813 ball_812 blocks_714 blocks_713 blocks_712,38.168303667800004
ball_811 ball_810 ball_809 blocks_711 blocks_710 blocks_709,38.168303667800004
ball_808 ball_807 ball_806 blocks_708 blocks_707 blocks_706,38.168303667800004
ball_805 ball_804 ball_803 blocks_705 blocks_704 blocks_703,38.168303667800004
ball_802 ball_801 ball_800 blocks_702 blocks_701 blocks_700,38.168303667800004
ball_799 ball_798 ball_797 blocks_699 blocks_698 blocks_697,38.168303667800004
ball_796 ball_795 ball_794 blocks_696 blocks_695 blocks_694,38.168303667800004
ball_793 ball_792 ball_791 blocks_693 blocks_692 blocks_691,38.168303667800004
ball_790 ball_789 ball_788 blocks_690 blocks_689 blocks_688,38.168303667800004
ball_787 ball_786 ball_785 blocks_687 blocks_686 blocks_685,38.168303667800004
ball_784 ball_783 ball_782 blocks_684 blocks_683 blocks_682,38.168303667800004
ball_781 ball_780 ball_779 blocks_681 blocks_680 blocks_679,38.168303667800004
ball_778 ball_777 ball_776 blocks_678 blocks_677 blocks_676,38.168303667800004
ball_775 ball_774 ball_773 blocks_675 blocks_674 blocks_673,38.168303667800004
ball_772 ball_771 ball_770 blocks_672 blocks_671 blocks_670,38.168303667800004
ball_769 ball_768 ball_767 blocks_669 blocks_668 blocks_667,38.168303667800004
ball_766 ball_765 ball_764 blocks_666 blocks_665 blocks_664,38.168303667800004
ball_763 ball_762 ball_761 blocks_663 blocks_662 blocks_661,38.168303667800004
ball_760 ball_759 ball_758 blocks_660 blocks_659 blocks_658,38.168303667800004
ball_757 ball_756 ball_755 blocks_657 blocks_656 blocks_655,38.168303667800004
ball_754 ball_753 ball_752 blocks_654 blocks_653 blocks_652,38.168303667800004
ball_751 ball_750 ball_749 blocks_651 blocks_650 blocks_649,38.168303667800004
ball_748 ball_747 ball_746 blocks_648 blocks_647 blocks_646,38.168303667800004
ball_745 ball_744 ball_743 blocks_645 blocks_644 blocks_643,38.168303667800004
ball_742 ball_741 ball_740 blocks_642 blocks_641 blocks_640,38.168303667800004
ball_739 ball_738 ball_737 blocks_639 blocks_638 blocks_637,38.168303667800004
ball_736 ball_735 ball_734 blocks_636 blocks_635 blocks_634,38.168303667800004
ball_733 ball_732 ball_731 blocks_633 blocks_632 blocks_631,38.168303667800004
ball_730 ball_729 ball_728 blocks_630 blocks_629 blocks_628,38.168303667800004
ball_727 ball_726 ball_725 blocks_627 blocks_626 blocks_625,38.168303667800004
ball_724 ball_723 ball_722 blocks_624 blocks_623 blocks_622,38.168303667800004
ball_721 ball_720 ball_719 blocks_621 blocks_620 blocks_619,38.168303667800004
ball_718 ball_717 ball_716 blocks_618 blocks_617 blocks_616,38.168303667800004
ball_715 ball_714 ball_713 blocks_615 blocks_614 blocks_613,38.168303667800004
ball_712 ball_711 ball_710 blocks_612 blocks_611 blocks_610,38.168303667800004
ball_709 ball_708 ball_707 blocks_609 blocks_608 blocks_607,38.168303667800004
ball_706 ball_705 ball_704 blocks_606 blocks_605 blocks_604,38.168303667800004
ball_703 ball_702 ball_701 blocks_603 blocks_602 blocks_601,38.168303667800004
ball_700 ball_699 ball_698 blocks_600 blocks_599 blocks_598,38.168303667800004
ball_697 ball_696 ball_695 blocks_597 blocks_596 blocks_595,38.168303667800004
ball_694 ball_693 ball_692 blocks_594 blocks_593 blocks_592,38.168303667800004
ball_691 ball_690 ball_689 blocks_591 blocks_590 blocks_589,38.168303667800004
ball_688 ball_687 ball_686 blocks_588 blocks_587 blocks_586,38.168303667800004
ball_685 ball_684 ball_683 blocks_585 blocks_584 blocks_583,38.168303667800004
ball_682 ball_681 ball_680 blocks_582 blocks_581 blocks_580,38.168303667800004
ball_679 ball_678 ball_677 blocks_579 blocks_578 blocks_577,38.168303667800004
ball_676 ball_675 ball_674 blocks_576 blocks_575 blocks_574,38.168303667800004
ball_673 ball_672 ball_671 blocks_573 blocks_572 blocks_571,38.168303667800004
ball_670 ball_669 ball_668 blocks_570 blocks_569 blocks_568,38.168303667800004
ball_667 ball_666 ball_665 blocks_567 blocks_566 blocks_565,38.168303667800004
ball_664 ball_663 ball_662 blocks_564 blocks_563 blocks_562,38.168303667800004
ball_661 ball_660 ball_659 blocks_561 blocks_560 blocks_559,38.168303667800004
ball_658 ball_657 ball_656 blocks_558 blocks_557 blocks_556,38.168303667800004
ball_655 ball_654 ball_653 blocks_555 blocks_554 blocks_553,38.168303667800004
ball_652 ball_651 ball_650 blocks_552 blocks_551 blocks_550,38.168303667800004
ball_649 ball_648 ball_647 blocks_549 blocks_548 blocks_547,38.168303667800004
ball_646 ball_645 ball_644 blocks_546 blocks_545 blocks_544,38.168303667800004
ball_643 ball_642 ball_641 blocks_543 blocks_542 blocks_541,38.168303667800004
ball_640 ball_639 ball_638 blocks_540 blocks_539 blocks_538,38.168303667800004
ball_637 ball_636 ball_635 blocks_537 blocks_536 blocks_535,38.168303667800004
ball_634 ball_633 ball_632 blocks_534 blocks_533 blocks_532,38.168303667800004
ball_631 ball_630 ball_629 blocks_531 blocks_530 blocks_529,38.168303667800004
ball_628 ball_627 ball_626 blocks_528 blocks_527 blocks_526,38.168303667800004
ball_625 ball_624 ball_623 blocks_525 blocks_524 blocks_523,38.168303667800004
ball_622 ball_621 ball_620 blocks_522 blocks_521 blocks_520,38.168303667800004
ball_619 ball_618 ball_617 blocks_519 blocks_518 blocks_517,38.168303667800004
ball_616 ball_615 ball_614 blocks_516 blocks_515 blocks_514,38.168303667800004
ball_613 ball_612 ball_611 blocks_513 blocks_512 blocks_511,38.168303667800004
ball_610 ball_609 ball_608 blocks_510 blocks_509 blocks_508,38.168303667800004
ball_607 ball_606 ball_605 blocks_507 blocks_506 blocks_505,38.168303667800004
ball_604 ball_603 ball_602 blocks_504 blocks_503 blocks_502,38.168303667800004
ball_601 ball_600 ball_599 blocks_501 blocks_500 blocks_499,38.168303667800004
ball_598 ball_597 ball_596 blocks_498 blocks_497 blocks_496,38.168303667800004
ball_595 ball_594 ball_593 blocks_495 blocks_494 blocks_493,38.168303667800004
ball_592 ball_591 ball_590 blocks_492 blocks_491 blocks_490,38.168303667800004
ball_589 ball_588 ball_587 blocks_489 blocks_488 blocks_487,38.168303667800004
ball_586 ball_585 ball_584 blocks_486 blocks_485 blocks_484,38.168303667800004
ball_583 ball_582 ball_581 blocks_483 blocks_482 blocks_481,38.168303667800004
ball_580 ball_579 ball_578 blocks_480 blocks_479 blocks_478,38.168303667800004
ball_577 ball_576 ball_575 blocks_477 blocks_476 blocks_475,38.168303667800004
ball_574 ball_573 ball_572 blocks_474 blocks_473 blocks_472,38.168303667800004
ball_571 ball_570 ball_569 blocks_471 blocks_470 blocks_469,38.168303667800004
ball_568 ball_567 ball_566 blocks_468 blocks_467 blocks_466,38.168303667800004
ball_565 ball_564 ball_563 blocks_465 blocks_464 blocks_463,38.168303667800004
ball_562 ball_561 ball_560 blocks_462 blocks_461 blocks_460,38.168303667800004
ball_559 ball_558 ball_557 blocks_459 blocks_458 blocks_457,38.168303667800004
ball_556 ball_555 ball_554 blocks_456 blocks_455 blocks_454,38.168303667800004
ball_553 ball_552 ball_551 blocks_453 blocks_452 blocks_451,38.168303667800004
ball_550 ball_549 ball_548 blocks_450 blocks_449 blocks_448,38.168303667800004
ball_547 ball_546 ball_545 blocks_447 blocks_446 blocks_445,38.168303667800004
ball_544 ball_543 ball_542 blocks_444 blocks_443 blocks_442,38.168303667800004
ball_541 ball_540 ball_539 blocks_441 blocks_440 blocks_439,38.168303667800004
ball_538 ball_537 ball_536 blocks_438 blocks_437 blocks_436,38.168303667800004
ball_535 ball_534 ball_533 blocks_435 blocks_434 blocks_433,38.168303667800004
ball_532 ball_531 ball_530 blocks_432 blocks_431 blocks_430,38.168303667800004
ball_529 ball_528 ball_527 blocks_429 blocks_428 blocks_427,38.168303667800004
ball_526 ball_525 ball_524 blocks_426 blocks_425 blocks_424,38.168303667800004
ball_523 ball_522 ball_521 blocks_423 blocks_422 blocks_421,38.168303667800004
ball_520 ball_519 ball_518 blocks_420 blocks_419 blocks_418,38.168303667800004
ball_517 ball_516 ball_515 blocks_417 blocks_416 blocks_415,38.168303667800004
ball_514 ball_513 ball_512 blocks_414 blocks_413 blocks_412,38.168303667800004
ball_511 ball_510 ball_509 blocks_411 blocks_410 blocks_409,38.168303667800004
ball_508 ball_507 ball_506 blocks_408 blocks_407 blocks_406,38.168303667800004
ball_505 ball_504 ball_503 blocks_405 blocks_404 blocks_403,38.168303667800004
ball_502 ball_501 ball_500 blocks_402 blocks_401 blocks_400,38.168303667800004
ball_499 ball_498 ball_497 blocks_399 blocks_398 blocks_397,38.168303667800004
ball_496 ball_495 ball_494 blocks_396 blocks_395 blocks_394,38.168303667800004
ball_493 ball_492 ball_491 blocks_393 blocks_392 blocks_391,38.168303667800004
ball_490 ball_489 ball_488 blocks_390 blocks_389 blocks_388,38.168303667800004
ball_487 ball_486 ball_485 blocks_387 blocks_386 blocks_385,38.168303667800004
ball_484 ball_483 ball_482 blocks_384 blocks_383 blocks_382,38.168303667800004
ball_481 ball_480 ball_479 blocks_381 blocks_380 blocks_379,38.168303667800004
ball_478 ball_477 ball_476 blocks_378 blocks_377 blocks_376,38.168303667800004
ball_475 ball_474 ball_473 blocks_375 blocks_374 blocks_373,38.168303667800004
ball_472 ball_471 ball_470 blocks_372 blocks_371 blocks_370,38.168303667800004
ball_469 ball_468 ball_467 blocks_369 blocks_368 blocks_367,38.168303667800004
ball_466 ball_465 ball_464 blocks_366 blocks_365 blocks_364,38.168303667800004
ball_463 ball_462 ball_461 blocks_363 blocks_362 blocks_361,38.168303667800004
ball_460 ball_459 ball_458 blocks_360 blocks_359 blocks_358,38.168303667800004
ball_457 ball_456 ball_455 blocks_357 blocks_356 blocks_355,38.168303667800004
ball_454 ball_453 ball_452 blocks_354 blocks_353 blocks_352,38.168303667800004
ball_451 ball_450 ball_449 blocks_351 blocks_350 blocks_349,38.168303667800004
ball_448 ball_447 ball_446 blocks_348 blocks_347 blocks_346,38.168303667800004
ball_445 ball_444 ball_443 blocks_345 blocks_344 blocks_343,38.168303667800004
ball_442 ball_441 ball_440 blocks_342 blocks_341 blocks_340,38.168303667800004
ball_439 ball_438 ball_437 blocks_339 blocks_338 blocks_337,38.168303667800004
ball_436 ball_435 ball_434 blocks_336 blocks_335 blocks_334,38.168303667800004
ball_433 ball_432 ball_431 blocks_333 blocks_332 blocks_331,38.168303667800004
ball_430 ball_429 ball_428 blocks_330 blocks_329 blocks_328,38.168303667800004
ball_427 ball_426 ball_425 blocks_327 blocks_326 blocks_325,38.168303667800004
ball_424 ball_423 ball_422 blocks_324 blocks_323 blocks_322,38.168303667800004
ball_421 ball_420 ball_419 blocks_321 blocks_320 blocks_319,38.168303667800004
ball_418 ball_417 ball_416 blocks_318 blocks_317 blocks_316,38.168303667800004
ball_415 ball_414 ball_413 blocks_315 blocks_314 blocks_313,38.168303667800004
ball_412 ball_411 ball_410 blocks_312 blocks_311 blocks_310,38.168303667800004
ball_409 ball_408 ball_407 blocks_309 blocks_308 blocks_307,38.168303667800004
ball_406 ball_405 ball_404 blocks_306 blocks_305 blocks_304,38.168303667800004
ball_403 ball_402 ball_401 blocks_303 blocks_302 blocks_301,38.168303667800004
ball_400 ball_399 ball_398 blocks_300 blocks_299 blocks_298,38.168303667800004
ball_397 ball_396 ball_395 blocks_297 blocks_296 blocks_295,38.168303667800004
ball_394 ball_393 ball_392 blocks_294 blocks_293 blocks_292,38.168303667800004
ball_391 ball_390 ball_389 blocks_291 blocks_290 blocks_289,38.168303667800004
ball_388 ball_387 ball_386 blocks_288 blocks_287 blocks_286,38.168303667800004
ball_385 ball_384 ball_383 blocks_285 blocks_284 blocks_283,38.168303667800004
ball_382 ball_381 ball_380 blocks_282 blocks_281 blocks_280,38.168303667800004
ball_379 ball_378 ball_377 blocks_279 blocks_278 blocks_277,38.168303667800004
ball_376 ball_375 ball_374 blocks_276 blocks_275 blocks_274,38.168303667800004
ball_373 ball_372 ball_371 blocks_273 blocks_272 blocks_271,38.168303667800004
ball_370 ball_369 ball_368 blocks_270 blocks_269 blocks_268,38.168303667800004
ball_367 ball_366 ball_365 blocks_267 blocks_266 blocks_265,38.168303667800004
ball_364 ball_363 ball_362 blocks_264 blocks_263 blocks_262,38.168303667800004
ball_361 ball_360 ball_359 blocks_261 blocks_260 blocks_259,38.168303667800004
ball_358 ball_357 ball_356 blocks_258 blocks_257 blocks_256,38.168303667800004
ball_355 ball_354 ball_353 blocks_255 blocks_254 blocks_253,38.168303667800004
ball_352 ball_351 ball_350 blocks_252 blocks_251 blocks_250,38.168303667800004
ball_349 ball_348 ball_347 blocks_249 blocks_248 blocks_247,38.168303667800004
ball_346 ball_345 ball_344 blocks_246 blocks_245 blocks_244,38.168303667800004
ball_343 ball_342 ball_341 blocks_243 blocks_242 blocks_241,38.168303667800004
ball_340 ball_339 ball_338 blocks_240 blocks_239 blocks_238,38.168303667800004
ball_337 ball_336 ball_335 blocks_237 blocks_236 blocks_235,38.168303667800004
ball_334 ball_333 ball_332 blocks_234 blocks_233 blocks_232,38.168303667800004
ball_331 ball_330 ball_329 blocks_231 blocks_230 blocks_229,38.168303667800004
ball_328 ball_327 ball_326 blocks_228 blocks_227 blocks_226,38.168303667800004
ball_325 ball_324 ball_323 blocks_225 blocks_224 blocks_223,38.168303667800004
ball_322 ball_321 ball_320 blocks_222 blocks_221 blocks_220,38.168303667800004
ball_319 ball_318 ball_317 blocks_219 blocks_218 blocks_217,38.168303667800004
ball_316 ball_315 ball_314 blocks_216 blocks_215 blocks_214,38.168303667800004
ball_313 ball_312 ball_311 blocks_213 blocks_212 blocks_211,38.168303667800004
ball_310 ball_309 ball_308 blocks_210 blocks_209 blocks_208,38.168303667800004
ball_307 ball_306 ball_305 blocks_207 blocks_206 blocks_205,38.168303667800004
ball_304 ball_303 ball_302 blocks_204 blocks_203 blocks_202,38.168303667800004
ball_301 ball_300 ball_299 blocks_201 blocks_200 blocks_199,38.168303667800004
ball_298 ball_297 ball_296 blocks_198 blocks_197 blocks_196,38.168303667800004
ball_295 ball_294 ball_293 blocks_195 blocks_194 blocks_193,38.168303667800004
ball_292 ball_291 ball_290 blocks_192 blocks_191 blocks_190,38.168303667800004
ball_289 ball_288 ball_287 blocks_189 blocks_188 blocks_187,38.168303667800004
ball_286 ball_285 ball_284 blocks_186 blocks_185 blocks_184,38.168303667800004
ball_283 ball_282 ball_281 blocks_183 blocks_182 blocks_181,38.168303667800004
ball_280 ball_279 ball_278 blocks_180 blocks_179 blocks_178,38.168303667800004
ball_277 ball_276 ball_275 blocks_177 blocks_176 blocks_175,38.168303667800004
ball_274 ball_273 ball_272 blocks_174 blocks_173 blocks_172,38.168303667800004
ball_271 ball_270 ball_269 blocks_171 blocks_170 blocks_169,38.168303667800004
ball_268 ball_267 ball_266 blocks_168 blocks_167 blocks_166,38.168303667800004
ball_265 ball_264 ball_263 blocks_165 blocks_164 blocks_163,38.168303667800004
ball_262 ball_261 ball_260 blocks_162 blocks_161 blocks_160,38.168303667800004
ball_259 ball_258 ball_257 blocks_159 blocks_158 blocks_157,38.168303667800004
ball_256 ball_255 ball_254 blocks_156 blocks_155 blocks_154,38.168303667800004
ball_253 ball_252 ball_251 blocks_153 blocks_152 blocks_151,38.168303667800004
ball_250 ball_249 ball_248 blocks_150 blocks_149 blocks_148,38.168303667800004
ball_247 ball_246 ball_245 blocks_147 blocks_146 blocks_145,38.168303667800004
ball_244 ball_243 ball_242 blocks_144 blocks_143 blocks_142,38.168303667800004
ball_241 ball_240 ball_239 blocks_141 blocks_140 blocks_139,38.168303667800004
ball_238 ball_237 ball_236 blocks_138 blocks_137 blocks_136,38.168303667800004
ball_235 ball_234 ball_233 blocks_135 blocks_134 blocks_133,38.168303667800004
ball_232 ball_231 ball_230 blocks_132 blocks_131 blocks_130,38.168303667800004
ball_229 ball_228 ball_227 blocks_129 blocks_128 blocks_127,38.168303667800004
ball_226 ball_225 ball_224 blocks_126 blocks_125 blocks_124,38.168303667800004
ball_223 ball_222 ball_221 blocks_123 blocks_122 blocks_121,38.168303667800004
ball_220 ball_219 ball_218 blocks_120 blocks_119 blocks_118,38.168303667800004
ball_217 ball_216 ball_215 blocks_117 blocks_116 blocks_115,38.168303667800004
ball_214 ball_213 ball_212 blocks_114 blocks_113 blocks_112,38.168303667800004
ball_211 ball_210 ball_209 blocks_111 blocks_110 blocks_109,38.168303667800004
ball_208 ball_207 ball_206 blocks_108 blocks_107 blocks_106,38.168303667800004
ball_205 ball_204 ball_203 blocks_105 blocks_104 blocks_103,38.168303667800004
ball_202 ball_201 ball_200 blocks_102 blocks_101 blocks_100,38.168303667800004
ball_199 ball_198 ball_197 blocks_99 blocks_98 blocks_97,38.168303667800004
ball_196 ball_195 ball_194 blocks_96 blocks_95 blocks_94,38.168303667800004
ball_193 ball_192 ball_191 blocks_93 blocks_92 blocks_91,38.168303667800004
ball_190 ball_189 ball_188 blocks_90 blocks_89 blocks_88,38.168303667800004
ball_187 ball_186 ball_185 blocks_87 blocks_86 blocks_85,38.168303667800004
ball_184 ball_183 ball_182 blocks_84 blocks_83 blocks_82,38.168303667800004
ball_181 ball_180 ball_179 blocks_81 blocks_80 blocks_79,38.168303667800004
ball_178 ball_177 ball_176 blocks_78 blocks_77 blocks_76,38.168303667800004
ball_175 ball_174 ball_173 blocks_75 blocks_74 blocks_73,38.168303667800004
ball_172 ball_171 ball_170 blocks_72 blocks_71 blocks_70,38.168303667800004
ball_169 ball_168 ball_167 blocks_69 blocks_68 blocks_67,38.168303667800004
ball_166 ball_165 ball_164 blocks_66 blocks_65 blocks_64,38.168303667800004
ball_163 ball_162 ball_161 blocks_63 blocks_62 blocks_61,38.168303667800004
ball_160 ball_159 ball_158 blocks_60 blocks_59 blocks_58,38.168303667800004
ball_157 ball_156 ball_155 blocks_57 blocks_56 blocks_55,38.168303667800004
ball_154 ball_153 ball_152 blocks_54 blocks_53 blocks_52,38.168303667800004
ball_151 ball_150 ball_149 blocks_51 blocks_50 blocks_49,38.168303667800004
ball_148 ball_147 ball_146 blocks_48 blocks_47 blocks_46,38.168303667800004
ball_145 ball_144 ball_143 blocks_45 blocks_44 blocks_43,38.168303667800004
ball_142 ball_141 ball_140 blocks_42 blocks_41 blocks_40,38.168303667800004
ball_139 ball_138 ball_137 blocks_39 blocks_38 blocks_37,38.168303667800004
ball_136 ball_135 ball_134 blocks_36 blocks_35 blocks_34,38.168303667800004
ball_133 ball_132 ball_131 blocks_33 blocks_32 blocks_31,38.168303667800004
ball_130 ball_129 ball_128 blocks_30 blocks_29 blocks_28,38.168303667800004
ball_127 ball_126 ball_125 blocks_27 blocks_26 blocks_25,38.168303667800004
ball_124 ball_123 ball_122 blocks_24 blocks_23 blocks_22,38.168303667800004
ball_121 ball_120 ball_119 blocks_21 blocks_20 blocks_19,38.168303667800004
ball_118 ball_117 ball_116 blocks_18 blocks_17 blocks_16,38.168303667800004
ball_115 ball_114 ball_113 blocks_15 blocks_14 blocks_13,38.168303667800004
ball_112 ball_111 ball_110 blocks_12 blocks_11 blocks_10,38.168303667800004
ball_109 ball_108 ball_107 blocks_9 blocks_8 blocks_7,38.168303667800004
ball_106 ball_105 ball_104 blocks_6 blocks_5 blocks_4,38.168303667800004
ball_103 ball_102 ball_101 blocks_3 blocks_2 blocks_1,38.168303667800004
horse_999 horse_998 horse_997 horse_996 horse_995 blocks_0,36.472894802
horse_994 horse_993 horse_992 train_999 train_998 book_1199,34.982971104899995
horse_991 horse_990 horse_989 train_997 train_996 book_1198,34.982971104899995
horse_988 horse_987 horse_986 train_995 train_994 book_1197,34.982971104899995
horse_985 horse_984 horse_983 train_993 train_992 book_1196,34.982971104899995
horse_982 horse_981 horse_980 train_991 train_990 book_1195,34.982971104899995
horse_979 horse_978 horse_977 train_989 train_988 book_1194,34.982971104899995
horse_976 horse_975 horse_974 train_987 train_986 book_1193,34.982971104899995
horse_973 horse_972 horse_971 train_985 train_984 book_1192,34.982971104899995
horse_970 horse_969 horse_968 train_983 train_982 book_1191,34.982971104899995
horse_967 horse_966 horse_965 train_981 train_980 book_1190,34.982971104899995
horse_964 horse_963 horse_962 train_979 train_978 book_1189,34.982971104899995
horse_961 horse_960 horse_959 train_977 train_976 book_1188,34.982971104899995
horse_958 horse_957 horse_956 train_975 train_974 book_1187,34.982971104899995
horse_955 horse_954 horse_953 train_973 train_972 book_1186,34.982971104899995
horse_952 horse_951 horse_950 train_971 train_970 book_1185,34.982971104899995
horse_949 horse_948 horse_947 train_969 train_968 book_1184,34.982971104899995
horse_946 horse_945 horse_944 train_967 train_966 book_1183,34.982971104899995
horse_943 horse_942 horse_941 train_965 train_964 book_1182,34.982971104899995
horse_940 horse_939 horse_938 train_963 train_962 book_1181,34.982971104899995
horse_937 horse_936 horse_935 train_961 train_960 book_1180,34.982971104899995
horse_934 horse_933 horse_932 train_959 train_958 book_1179,34.982971104899995
horse_931 horse_930 horse_929 train_957 train_956 book_1178,34.982971104899995
horse_928 horse_927 horse_926 train_955 train_954 book_1177,34.982971104899995
horse_925 horse_924 horse_923 train_953 train_952 book_1176,34.982971104899995
horse_922 horse_921 horse_920 train_951 train_950 book_1175,34.982971104899995
horse_919 horse_918 horse_917 train_949 train_948 book_1174,34.982971104899995
horse_916 horse_915 horse_914 train_947 train_946 book_1173,34.982971104899995
horse_913 horse_912 horse_911 train_945 train_944 book_1172,34.982971104899995
horse_910 horse_909 horse_908 train_943 train_942 book_1171,34.982971104899995
horse_907 horse_906 horse_905 train_941 train_940 book_1170,34.982971104899995
horse_904 horse_903 horse_902 train_939 train_938 book_1169,34.982971104899995
horse_901 horse_900 horse_899 train_937 train_936 book_1168,34.982971104899995
horse_898 horse_897 horse_896 train_935 train_934 book_1167,34.982971104899995
horse_895 horse_894 horse_893 train_933 train_932 book_1166,34.982971104899995
horse_892 horse_891 horse_890 train_931 train_930 book_1165,34.982971104899995
horse_889 horse_888 horse_887 train_929 train_928 book_1164,34.982971104899995
horse_886 horse_885 horse_884 train_927 train_926 book_1163,34.982971104899995
horse_883 horse_882 horse_881 train_925 train_924 book_1162,34.982971104899995
horse_880 horse_879 horse_878 train_923 train_922 book_1161,34.982971104899995
horse_877 horse_876 horse_875 train_921 train_920 book_1160,34.982971104899995
horse_874 horse_873 horse_872 train_919 train_918 book_1159,34.982971104899995
horse_871 horse_870 horse_869 train_917 train_916 book_1158,34.982971104899995
horse_868 horse_867 horse_866 train_915 train_914 book_1157,34.982971104899995
horse_865 horse_864 horse_863 train_913 train_912 book_1156,34.982971104899995
horse_862 horse_861 horse_860 train_911 train_910 book_1155,34.982971104899995
horse_859 horse_858 horse_857 train_909 train_908 book_1154,34.982971104899995
horse_856 horse_855 horse_854 train_907 train_906 book_1153,34.982971104899995
horse_853 horse_852 horse_851 train_905 train_904 book_1152,34.982971104899995
horse_850 horse_849 horse_848 train_903 train_902 book_1151,34.982971104899995
horse_847 horse_846 horse_845 train_901 train_900 book_1150,34.982971104899995
horse_844 horse_843 horse_842 train_899 train_898 book_1149,34.982971104899995
horse_841 horse_840 horse_839 train_897 train_896 book_1148,34.982971104899995
horse_838 horse_837 horse_836 train_895 train_894 book_1147,34.982971104899995
horse_835 horse_834 horse_833 train_893 train_892 book_1146,34.982971104899995
horse_832 horse_831 horse_830 train_891 train_890 book_1145,34.982971104899995
horse_829 horse_828 horse_827 train_889 train_888 book_1144,34.982971104899995
horse_826 horse_825 horse_824 train_887 train_886 book_1143,34.982971104899995
horse_823 horse_822 horse_821 train_885 train_884 book_1142,34.982971104899995
horse_820 horse_819 horse_818 train_883 train_882 book_1141,34.982971104899995
horse_817 horse_816 horse_815 train_881 train_880 book_1140,34.982971104899995
horse_814 horse_813 horse_812 train_879 train_878 book_1139,34.982971104899995
horse_811 horse_810 horse_809 train_877 train_876 book_1138,34.982971104899995
horse_808 horse_807 horse_806 train_875 train_874 book_1137,34.982971104899995
horse_805 horse_804 horse_803 train_873 train_872 book_1136,34.982971104899995
horse_802 horse_801 horse_800 train_871 train_870 book_1135,34.982971104899995
horse_799 horse_798 horse_797 train_869 train_868 book_1134,34.982971104899995
horse_796 horse_795 horse_794 train_867 train_866 book_1133,34.982971104899995
horse_793 horse_792 horse_791 train_865 train_864 book_1132,34.982971104899995
horse_790 horse_789 horse_788 train_863 train_862 book_1131,34.982971104899995
horse_787 horse_786 horse_785 train_861 train_860 book_1130,34.982971104899995
horse_784 horse_783 horse_782 train_859 train_858 book_1129,34.982971104899995
horse_781 horse_780 horse_779 train_857 train_856 book_1128,34.982971104899995
horse_778 horse_777 horse_776 train_855 train_854 book_1127,34.982971104899995
horse_775 horse_774 horse_773 train_853 train_852 book_1126,34.982971104899995
horse_772 horse_771 horse_770 train_851 train_850 book_1125,34.982971104899995
horse_769 horse_768 horse_767 train_849 train_848 book_1124,34.982971104899995
horse_766 horse_765 horse_764 train_847 train_846 book_1123,34.982971104899995
horse_763 horse_762 horse_761 train_845 train_844 book_1122,34.982971104899995
horse_760 horse_759 horse_758 train_843 train_842 book_1121,34.982971104899995
horse_757 horse_756 horse_755 train_841 train_840 book_1120,34.982971104899995
horse_754 horse_753 horse_752 train_839 train_838 book_1119,34.982971104899995
horse_751 horse_750 horse_749 train_837 train_836 book_1118,34.982971104899995
horse_748 horse_747 horse_746 train_835 train_834 book_1117,34.982971104899995
horse_745 horse_744 horse_743 train_833 train_832 book_1116,34.982971104899995
horse_742 horse_741 horse_740 train_831 train_830 book_1115,34.982971104899995
horse_739 horse_738 horse_737 train_829 train_828 book_1114,34.982971104899995
horse_736 horse_735 horse_734 train_827 train_826 book_1113,34.982971104899995
horse_733 horse_732 horse_731 train_825 train_824 book_1112,34.982971104899995
horse_730 horse_729 horse_728 train_823 train_822 book_1111,34.982971104899995
horse_727 horse_726 horse_725 train_821 train_820 book_1110,34.982971104899995
horse_724 horse_723 horse_722 train_819 train_818 book_1109,34.982971104899995
horse_721 horse_720 horse_719 train_817 train_816 book_1108,34.982971104899995
horse_718 horse_717 horse_716 train_815 train_814 book_1107,34.982971104899995
horse_715 horse_714 horse_713 train_813 train_812 book_1106,34.982971104899995
horse_712 horse_711 horse_710 train_811 train_810 book_1105,34.982971104899995
horse_709 horse_708 horse_707 train_809 train_808 book_1104,34.982971104899995
horse_706 horse_705 horse_704 train_807 train_806 book_1103,34.982971104899995
horse_703 horse_702 horse_701 train_805 train_804 book_1102,34.982971104899995
horse_700 horse_699 horse_698 train_803 train_802 book_1101,34.982971104899995
horse_697 horse_696 horse_695 train_801 train_800 book_1100,34.982971104899995
horse_694 horse_693 horse_692 train_799 train_798 book_1099,34.982971104899995
horse_691 horse_690 horse_689 train_797 train_796 book_1098,34.982971104899995
horse_688 horse_687 horse_686 train_795 train_794 book_1097,34.982971104899995
horse_685 horse_684 horse_683 train_793 train_792 book_1096,34.982971104899995
horse_682 horse_681 horse_680 train_791 train_790 book_1095,34.982971104899995
horse_679 horse_678 horse_677 train_789 train_788 book_1094,34.982971104899995
horse_676 horse_675 horse_674 train_787 train_786 book_1093,34.982971104899995
horse_673 horse_672 horse_671 train_785 train_784 book_1092,34.982971104899995
horse_670 horse_669 horse_668 train_783 train_782 book_1091,34.982971104899995
horse_667 horse_666 horse_665 train_781 train_780 book_1090,34.982971104899995
horse_664 horse_663 horse_662 train_779 train_778 book_1089,34.982971104899995
horse_661 horse_660 horse_659 train_777 train_776 book_1088,34.982971104899995
horse_658 horse_657 horse_656 train_775 train_774 book_1087,34.982971104899995
horse_655 horse_654 horse_653 train_773 train_772 book_1086,34.982971104899995
horse_652 horse_651 horse_650 train_771 train_770 book_1085,34.982971104899995
horse_649 horse_648 horse_647 train_769 train_768 book_1084,34.982971104899995
horse_646 horse_645 horse_644 train_767 train_766 book_1083,34.982971104899995
horse_643 horse_642 horse_641 train_765 train_764 book_1082,34.982971104899995
horse_640 horse_639 horse_638 train_763 train_762 book_1081,34.982971104899995
horse_637 horse_636 horse_635 train_761 train_760 book_1080,34.982971104899995
horse_634 horse_633 horse_632 train_759 train_758 book_1079,34.982971104899995
horse_631 horse_630 horse_629 train_757 train_756 book_1078,34.982971104899995
horse_628 horse_627 horse_626 train_755 train_754 book_1077,34.982971104899995
horse_625 horse_624 horse_623 train_753 train_752 book_1076,34.982971104899995
horse_622 horse_621 horse_620 train_751 train_750 book_1075,34.982971104899995
horse_619 horse_618 horse_617 train_749 train_748 book_1074,34.982971104899995
horse_616 horse_615 horse_614 train_747 train_746 book_1073,34.982971104899995
horse_613 horse_612 horse_611 train_745 train_744 book_1072,34.982971104899995
horse_610 horse_609 horse_608 train_743 train_742 book_1071,34.982971104899995
horse_607 horse_606 horse_605 train_741 train_740 book_1070,34.982971104899995
horse_604 horse_603 horse_602 train_739 train_738 book_1069,34.982971104899995
horse_601 horse_600 horse_599 train_737 train_736 book_1068,34.982971104899995
horse_598 horse_597 horse_596 train_735 train_734 book_1067,34.982971104899995
horse_595 horse_594 horse_593 train_733 train_732 book_1066,34.982971104899995
horse_592 horse_591 horse_590 train_731 train_730 book_1065,34.982971104899995
horse_589 horse_588 horse_587 train_729 train_728 book_1064,34.982971104899995
horse_586 horse_585 horse_584 train_727 train_726 book_1063,34.982971104899995
horse_583 horse_582 horse_581 train_725 train_724 book_1062,34.982971104899995
horse_580 horse_579 horse_578 train_723 train_722 book_1061,34.982971104899995
horse_577 horse_576 horse_575 train_721 train_720 book_1060,34.982971104899995
horse_574 horse_573 horse_572 train_719 train_718 book_1059,34.982971104899995
horse_571 horse_570 horse_569 train_717 train_716 book_1058,34.982971104899995
horse_568 horse_567 horse_566 train_715 train_714 book_1057,34.982971104899995
horse_565 horse_564 horse_563 train_713 train_712 book_1056,34.982971104899995
horse_562 horse_561 horse_560 train_711 train_710 book_1055,34.982971104899995
horse_559 horse_558 horse_557 train_709 train_708 book_1054,34.982971104899995
horse_556 horse_555 horse_554 train_707 train_706 book_1053,34.982971104899995
horse_553 horse_552 horse_551 train_705 train_704 book_1052,34.982971104899995
horse_550 horse_549 horse_548 train_703 train_702 book_1051,34.982971104899995
horse_547 horse_546 horse_545 train_701 train_700 book_1050,34.982971104899995
horse_544 horse_543 horse_542 train_699 train_698 book_1049,34.982971104899995
horse_541 horse_540 horse_539 train_697 train_696 book_1048,34.982971104899995
horse_538 horse_537 horse_536 train_695 train_694 book_1047,34.982971104899995
horse_535 horse_534 horse_533 train_693 train_692 book_1046,34.982971104899995
horse_532 horse_531 horse_530 train_691 train_690 book_1045,34.982971104899995
horse_529 horse_528 horse_527 train_689 train_688 book_1044,34.982971104899995
horse_526 horse_525 horse_524 train_687 train_686 book_1043,34.982971104899995
horse_523 horse_522 horse_521 train_685 train_684 book_1042,34.982971104899995
horse_520 horse_519 horse_518 train_683 train_682 book_1041,34.982971104899995
horse_517 horse_516 horse_515 train_681 train_680 book_1040,34.982971104899995
horse_514 horse_513 horse_512 train_679 train_678 book_1039,34.982971104899995
horse_511 horse_510 horse_509 train_677 train_676 book_1038,34.982971104899995
horse_508 horse_507 horse_506 train_675 train_674 book_1037,34.982971104899995
horse_505 horse_504 horse_503 train_673 train_672 book_1036,34.982971104899995
horse_502 horse_501 horse_500 train_671 train_670 book_1035,34.982971104899995
horse_499 horse_498 horse_497 train_669 train_668 book_1034,34.982971104899995
horse_496 horse_495 horse_494 train_667 train_666 book_1033,34.982971104899995
horse_493 horse_492 horse_491 train_665 train_664 book_1032,34.982971104899995
horse_490 horse_489 horse_488 train_663 train_662 book_1031,34.982971104899995
horse_487 horse_486 horse_485 train_661 train_660 book_1030,34.982971104899995
horse_484 horse_483 horse_482 train_659 train_658 book_1029,34.982971104899995
horse_481 horse_480 horse_479 train_657 train_656 book_1028,34.982971104899995
horse_478 horse_477 horse_476 train_655 train_654 book_1027,34.982971104899995
horse_475 horse_474 horse_473 train_653 train_652 book_1026,34.982971104899995
horse_472 horse_471 horse_470 train_651 train_650 book_1025,34.982971104899995
horse_469 horse_468 horse_467 train_649 train_648 book_1024,34.982971104899995
horse_466 horse_465 horse_464 train_647 train_646 book_1023,34.982971104899995
horse_463 horse_462 horse_461 train_645 train_644 book_1022,34.982971104899995
horse_460 horse_459 horse_458 train_643 train_642 book_1021,34.982971104899995
horse_457 horse_456 horse_455 train_641 train_640 book_1020,34.982971104899995
horse_454 horse_453 horse_452 train_639 train_638 book_1019,34.982971104899995
horse_451 horse_450 horse_449 train_637 train_636 book_1018,34.982971104899995
horse_448 horse_447 horse_446 train_635 train_634 book_1017,34.982971104899995
horse_445 horse_444 horse_443 train_633 train_632 book_1016,34.982971104899995
horse_442 horse_441 horse_440 train_631 train_630 book_1015,34.982971104899995
horse_439 horse_438 horse_437 train_629 train_628 book_1014,34.982971104899995
horse_436 horse_435 horse_434 train_627 train_626 book_1013,34.982971104899995
horse_433 horse_432 horse_431 train_625 train_624 book_1012,34.982971104899995
horse_430 horse_429 horse_428 train_623 train_622 book_1011,34.982971104899995
horse_427 horse_426 horse_425 train_621 train_620 book_1010,34.982971104899995
horse_424 horse_423 horse_422 train_619 train_618 book_1009,34.982971104899995
horse_421 horse_420 horse_419 train_617 train_616 book_1008,34.982971104899995
horse_418 horse_417 horse_416 train_615 train_614 book_1007,34.982971104899995
horse_415 horse_414 horse_413 train_613 train_612 book_1006,34.982971104899995
horse_412 horse_411 horse_410 train_611 train_610 book_1005,34.982971104899995
horse_409 horse_408 horse_407 train_609 train_608 book_1004,34.982971104899995
horse_406 horse_405 horse_404 train_607 train_606 book_1003,34.982971104899995
horse_403 horse_402 horse_401 train_605 train_604 book_1002,34.982971104899995
horse_400 horse_399 horse_398 train_603 train_602 book_1001,34.982971104899995
horse_397 horse_396 horse_395 train_601 train_600 book_1000,34.982971104899995
horse_394 horse_393 horse_392 train_599 train_598 book_999,34.982971104899995
horse_391 horse_390 horse_389 train_597 train_596 book_998,34.982971104899995
horse_388 horse_387 horse_386 train_595 train_594 book_997,34.982971104899995
horse_385 horse_384 horse_383 train_593 train_592 book_996,34.982971104899995
horse_382 horse_381 horse_380 train_591 train_590 book_995,34.982971104899995
horse_379 horse_378 horse_377 train_589 train_588 book_994,34.982971104899995
horse_376 horse_375 horse_374 train_587 train_586 book_993,34.982971104899995
horse_373 horse_372 horse_371 train_585 train_584 book_992,34.982971104899995
horse_370 horse_369 horse_368 train_583 train_582 book_991,34.982971104899995
horse_367 horse_366 horse_365 train_581 train_580 book_990,34.982971104899995
horse_364 horse_363 horse_362 train_579 train_578 book_989,34.982971104899995
horse_361 horse_360 horse_359 train_577 train_576 book_988,34.982971104899995
horse_358 horse_357 horse_356 train_575 train_574 book_987,34.982971104899995
horse_355 horse_354 horse_353 train_573 train_572 book_986,34.982971104899995
horse_352 horse_351 horse_350 train_571 train_570 book_985,34.982971104899995
horse_349 horse_348 horse_347 train_569 train_568 book_984,34.982971104899995
horse_346 horse_345 horse_344 train_567 train_566 book_983,34.982971104899995
horse_343 horse_342 horse_341 train_565 train_564 book_982,34.982971104899995
horse_340 horse_339 horse_338 train_563 train_562 book_981,34.982971104899995
horse_337 horse_336 horse_335 train_561 train_560 book_980,34.982971104899995
horse_334 horse_333 horse_332 train_559 train_558 book_979,34.982971104899995
horse_331 horse_330 horse_329 train_557 train_556 book_978,34.982971104899995
horse_328 horse_327 horse_326 train_555 train_554 book_977,34.982971104899995
horse_325 horse_324 horse_323 train_553 train_552 book_976,34.982971104899995
horse_322 horse_321 horse_320 train_551 train_550 book_975,34.982971104899995
horse_319 horse_318 horse_317 train_549 train_548 book_974,34.982971104899995
horse_316 horse_315 horse_314 train_547 train_546 book_973,34.982971104899995
horse_313 horse_312 horse_311 train_545 train_544 book_972,34.982971104899995
horse_310 horse_309 horse_308 train_543 train_542 book_971,34.982971104899995
horse_307 horse_306 horse_305 train_541 train_540 book_970,34.982971104899995
horse_304 horse_303 horse_302 train_539 train_538 book_969,34.982971104899995
horse_301 horse_300 horse_299 train_537 train_536 book_968,34.982971104899995
horse_298 horse_297 horse_296 train_535 train_534 book_967,34.982971104899995
horse_295 horse_294 horse_293 train_533 train_532 book_966,34.982971104899995
horse_292 horse_291 horse_290 train_531 train_530 book_965,34.982971104899995
horse_289 horse_288 horse_287 train_529 train_528 book_964,34.982971104899995
horse_286 horse_285 horse_284 train_527 train_526 book_963,34.982971104899995
horse_283 horse_282 horse_281 train_525 train_524 book_962,34.982971104899995
horse_280 horse_279 horse_278 train_523 train_522 book_961,34.982971104899995
horse_277 horse_276 horse_275 train_521 train_520 book_960,34.982971104899995
horse_274 horse_273 horse_272 train_519 train_518 book_959,34.982971104899995
horse_271 horse_270 horse_269 train_517 train_516 book_958,34.982971104899995
horse_268 horse_267 horse_266 train_515 train_514 book_957,34.982971104899995
horse_265 horse_264 horse_263 train_513 train_512 book_956,34.982971104899995
horse_262 horse_261 horse_260 train_511 train_510 book_955,34.982971104899995
horse_259 horse_258 horse_257 train_509 train_508 book_954,34.982971104899995
horse_256 horse_255 horse_254 train_507 train_506 book_953,34.982971104899995
horse_253 horse_252 horse_251 train_505 train_504 book_952,34.982971104899995
horse_250 horse_249 horse_248 train_503 train_502 book_951,34.982971104899995
horse_247 horse_246 horse_245 train_501 train_500 book_950,34.982971104899995
horse_244 horse_243 horse_242 train_499 train_498 book_949,34.982971104899995
horse_241 horse_240 horse_239 train_497 train_496 book_948,34.982971104899995
horse_238 horse_237 horse_236 train_495 train_494 book_947,34.982971104899995
horse_235 horse_234 horse_233 train_493 train_492 book_946,34.982971104899995
horse_232 horse_231 horse_230 train_491 train_490 book_945,34.982971104899995
horse_229 horse_228 horse_227 train_489 train_488 book_944,34.982971104899995
horse_226 horse_225 horse_224 train_487 train_486 book_943,34.982971104899995
horse_223 horse_222 horse_221 train_485 train_484 book_942,34.982971104899995
horse_220 horse_219 horse_218 train_483 train_482 book_941,34.982971104899995
horse_217 horse_216 horse_215 train_481 train_480 book_940,34.982971104899995
horse_214 horse_213 horse_212 train_479 train_478 book_939,34.982971104899995
horse_211 horse_210 horse_209 train_477 train_476 book_938,34.982971104899995
horse_208 horse_207 horse_206 train_475 train_474 book_937,34.982971104899995
horse_205 horse_204 horse_203 train_473 train_472 book_936,34.982971104899995
horse_202 horse_201 horse_200 train_471 train_470 book_935,34.982971104899995
horse_199 horse_198 horse_197 train_469 train_468 book_934,34.982971104899995
horse_196 horse_195 horse_194 train_467 train_466 book_933,34.982971104899995
horse_193 horse_192 horse_191 train_465 train_464 book_932,34.982971104899995
horse_190 horse_189 horse_188 train_463 train_462 book_931,34.982971104899995
horse_187 horse_186 horse_185 train_461 train_460 book_930,34.982971104899995
horse_184 horse_183 horse_182 train_459 train_458 book_929,34.982971104899995
horse_181 horse_180 horse_179 train_457 train_456 book_928,34.982971104899995
horse_178 horse_177 horse_176 train_455 train_454 book_927,34.982971104899995
horse_175 horse_174 horse_173 train_453 train_452 book_926,34.982971104899995
horse_172 horse_171 horse_170 train_451 train_450 book_925,34.982971104899995
horse_169 horse_168 horse_167 train_449 train_448 book_924,34.982971104899995
horse_166 horse_165 horse_164 train_447 train_446 book_923,34.982971104899995
horse_163 horse_162 horse_161 train_445 train_444 book_922,34.982971104899995
horse_160 horse_159 horse_158 train_443 train_442 book_921,34.982971104899995
horse_157 horse_156 horse_155 train_441 train_440 book_920,34.982971104899995
horse_154 horse_153 horse_152 train_439 train_438 book_919,34.982971104899995
horse_151 horse_150 horse_149 train_437 train_436 book_918,34.982971104899995
horse_148 horse_147 horse_146 train_435 train_434 book_917,34.982971104899995
horse_145 horse_144 horse_143 train_433 train_432 book_916,34.982971104899995
horse_142 horse_141 horse_140 train_431 train_430 book_915,34.982971104899995
horse_139 horse_138 horse_137 train_429 train_428 book_914,34.982971104899995
horse_136 horse_135 horse_134 train_427 train_426 book_913,34.982971104899995
horse_133 horse_132 horse_131 train_425 train_424 book_912,34.982971104899995
horse_130 horse_129 horse_128 train_423 train_422 book_911,34.982971104899995
horse_127 horse_126 horse_125 train_421 train_420 book_910,34.982971104899995
horse_124 horse_123 horse_122 train_419 train_418 book_909,34.982971104899995
horse_121 horse_120 horse_119 train_417 train_416 book_908,34.982971104899995
horse_118 horse_117 horse_116 train_415 train_414 book_907,34.982971104899995
horse_115 horse_114 horse_113 train_413 train_412 book_906,34.982971104899995
horse_112 horse_111 horse_110 train_411 train_410 book_905,34.982971104899995
horse_109 horse_108 horse_107 train_409 train_408 book_904,34.982971104899995
horse_106 horse_105 horse_104 train_407 train_406 book_903,34.982971104899995
horse_103 horse_102 horse_101 train_405 train_404 book_902,34.982971104899995
horse_100 horse_99 horse_98 train_403 train_402 book_901,34.982971104899995
horse_97 horse_96 horse_95 train_401 train_400 book_900,34.982971104899995
horse_94 horse_93 horse_92 train_399 train_398 book_899,34.982971104899995
horse_91 horse_90 horse_89 train_397 train_396 book_898,34.982971104899995
horse_88 horse_87 horse_86 train_395 train_394 book_897,34.982971104899995
horse_85 horse_84 horse_83 train_393 train_392 book_896,34.982971104899995
horse_82 horse_81 horse_80 train_391 train_390 book_895,34.982971104899995
horse_79 horse_78 horse_77 train_389 train_388 book_894,34.982971104899995
horse_76 horse_75 horse_74 train_387 train_386 book_893,34.982971104899995
horse_73 horse_72 horse_71 train_385 train_384 book_892,34.982971104899995
horse_70 horse_69 horse_68 train_383 train_382 book_891,34.982971104899995
horse_67 horse_66 horse_65 train_381 train_380 book_890,34.982971104899995
horse_64 horse_63 horse_62 train_379 train_378 book_889,34.982971104899995
horse_61 horse_60 horse_59 train_377 train_376 book_888,34.982971104899995
horse_58 horse_57 horse_56 train_375 train_374 book_887,34.982971104899995
horse_55 horse_54 horse_53 train_373 train_372 book_886,34.982971104899995
horse_52 horse_51 horse_50 train_371 train_370 book_885,34.982971104899995
horse_49 horse_48 horse_47 train_369 train_368 book_884,34.982971104899995
horse_46 horse_45 horse_44 train_367 train_366 book_883,34.982971104899995
horse_43 horse_42 horse_41 train_365 train_364 book_882,34.982971104899995
horse_40 horse_39 horse_38 train_363 train_362 book_881,34.982971104899995
horse_37 horse_36 horse_35 train_361 train_360 book_880,34.982971104899995
horse_34 horse_33 horse_32 train_359 train_358 book_879,34.982971104899995
horse_31 horse_30 horse_29 train_357 train_356 book_878,34.982971104899995
horse_28 horse_27 horse_26 train_355 train_354 book_877,34.982971104899995
horse_25 horse_24 horse_23 train_353 train_352 book_876,34.982971104899995
horse_22 horse_21 horse_20 train_351 train_350 book_875,34.982971104899995
horse_19 horse_18 horse_17 train_349 train_348 book_874,34.982971104899995
horse_16 horse_15 horse_14 train_347 train_346 book_873,34.982971104899995
horse_13 horse_12 horse_11 train_345 train_344 book_872,34.982971104899995
horse_10 horse_9 horse_8 train_343 train_342 book_871,34.982971104899995
horse_7 horse_6 horse_5 train_341 train_340 book_870,34.982971104899995
horse_4 horse_3 horse_2 train_339 train_338 book_869,34.982971104899995
horse_1 horse_0 train_337 train_336 book_868 doll_999,34.8485921547
train_335 train_334 book_867 doll_998 doll_997 doll_996,34.5876057604
train_333 train_332 book_866 doll_995 doll_994 doll_993,34.5876057604
train_331 train_330 book_865 doll_992 doll_991 doll_990,34.5876057604
train_329 train_328 book_864 doll_989 doll_988 doll_987,34.5876057604
train_327 train_326 book_863 doll_986 doll_985 doll_984,34.5876057604
train_325 train_324 book_862 doll_983 doll_982 doll_981,34.5876057604
train_323 train_322 book_861 doll_980 doll_979 doll_978,34.5876057604
train_321 train_320 book_860 doll_977 doll_976 doll_975,34.5876057604
train_319 train_318 book_859 doll_974 doll_973 doll_972,34.5876057604
train_317 train_316 book_858 doll_971 doll_970 doll_969,34.5876057604
train_315 train_314 book_857 doll_968 doll_967 doll_966,34.5876057604
train_313 train_312 book_856 doll_965 doll_964 doll_963,34.5876057604
train_311 train_310 book_855 doll_962 doll_961 doll_960,34.5876057604
train_309 train_308 book_854 doll_959 doll_958 doll_957,34.5876057604
train_307 train_306 book_853 doll_956 doll_955 doll_954,34.5876057604
train_305 train_304 book_852 doll_953 doll_952 doll_951,34.5876057604
train_303 train_302 book_851 doll_950 doll_949 doll_948,34.5876057604
train_301 train_300 book_850 doll_947 doll_946 doll_945,34.5876057604
train_299 train_298 book_849 doll_944 doll_943 doll_942,34.5876057604
train_297 train_296 book_848 doll_941 doll_940 doll_939,34.5876057604
train_295 train_294 book_847 doll_938 doll_937 doll_936,34.5876057604
train_293 train_292 book_846 doll_935 doll_934 doll_933,34.5876057604
train_291 train_290 book_845 doll_932 doll_931 doll_930,34.5876057604
train_289 train_288 book_844 doll_929 doll_928 doll_927,34.5876057604
train_287 train_286 book_843 doll_926 doll_925 doll_924,34.5876057604
train_285 train_284 book_842 doll_923 doll_922 doll_921,34.5876057604
train_283 train_282 book_841 doll_920 doll_919 doll_918,34.5876057604
train_281 train_280 book_840 doll_917 doll_916 doll_915,34.5876057604
train_279 train_278 book_839 doll_914 doll_913 doll_912,34.5876057604
train_277 train_276 book_838 doll_911 doll_910 doll_909,34.5876057604
train_275 train_274 book_837 doll_908 doll_907 doll_906,34.5876057604
train_273 train_272 book_836 doll_905 doll_904 doll_903,34.5876057604
train_271 train_270 book_835 doll_902 doll_901 doll_900,34.5876057604
train_269 train_268 book_834 doll_899 doll_898 doll_897,34.5876057604
train_267 train_266 book_833 doll_896 doll_895 doll_894,34.5876057604
train_265 train_264 book_832 doll_893 doll_892 doll_891,34.5876057604
train_263 train_262 book_831 doll_890 doll_889 doll_888,34.5876057604
train_261 train_260 book_830 doll_887 doll_886 doll_885,34.5876057604
train_259 train_258 book_829 doll_884 doll_883 doll_882,34.5876057604
train_257 train_256 book_828 doll_881 doll_880 doll_879,34.5876057604
train_255 train_254 book_827 doll_878 doll_877 doll_876,34.5876057604
train_253 train_252 book_826 doll_875 doll_874 doll_873,34.5876057604
train_251 train_250 book_825 doll_872 doll_871 doll_870,34.5876057604
train_249 train_248 book_824 doll_869 doll_868 doll_867,34.5876057604
train_247 train_246 book_823 doll_866 doll_865 doll_864,34.5876057604
train_245 train_244 book_822 doll_863 doll_862 doll_861,34.5876057604
train_243 train_242 book_821 doll_860 doll_859 doll_858,34.5876057604
train_241 train_240 book_820 doll_857 doll_856 doll_855,34.5876057604
train_239 train_238 book_819 doll_854 doll_853 doll_852,34.5876057604
train_237 train_236 book_818 doll_851 doll_850 doll_849,34.5876057604
train_235 train_234 book_817 doll_848 doll_847 doll_846,34.5876057604
train_233 train_232 book_816 doll_845 doll_844 doll_843,34.5876057604
train_231 train_230 book_815 doll_842 doll_841 doll_840,34.5876057604
train_229 train_228 book_814 doll_839 doll_838 doll_837,34.5876057604
train_227 train_226 book_813 doll_836 doll_835 doll_834,34.5876057604
train_225 train_224 book_812 doll_833 doll_832 doll_831,34.5876057604
train_223 train_222 book_811 doll_830 doll_829 doll_828,34.5876057604
train_221 train_220 book_810 doll_827 doll_826 doll_825,34.5876057604
train_219 train_218 book_809 doll_824 doll_823 doll_822,34.5876057604
train_217 train_216 book_808 doll_821 doll_820 doll_819,34.5876057604
train_215 train_214 book_807 doll_818 doll_817 doll_816,34.5876057604
train_213 train_212 book_806 doll_815 doll_814 doll_813,34.5876057604
train_211 train_210 book_805 doll_812 doll_811 doll_810,34.5876057604
train_209 train_208 book_804 doll_809 doll_808 doll_807,34.5876057604
train_207 train_206 book_803 doll_806 doll_805 doll_804,34.5876057604
train_205 train_204 book_802 doll_803 doll_802 doll_801,34.5876057604
train_203 train_202 book_801 doll_800 doll_799 doll_798,34.5876057604
train_201 train_200 book_800 doll_797 doll_796 doll_795,34.5876057604
train_199 train_198 book_799 doll_794 doll_793 doll_792,34.5876057604
train_197 train_196 book_798 doll_791 doll_790 doll_789,34.5876057604
train_195 train_194 book_797 doll_788 doll_787 doll_786,34.5876057604
train_193 train_192 book_796 doll_785 doll_784 doll_783,34.5876057604
train_191 train_190 book_795 doll_782 doll_781 doll_780,34.5876057604
train_189 train_188 book_794 doll_779 doll_778 doll_777,34.5876057604
train_187 train_186 book_793 doll_776 doll_775 doll_774,34.5876057604
train_185 train_184 book_792 doll_773 doll_772 doll_771,34.5876057604
train_183 train_182 book_791 doll_770 doll_769 doll_768,34.5876057604
train_181 train_180 book_790 doll_767 doll_766 doll_765,34.5876057604
train_179 train_178 book_789 doll_764 doll_763 doll_762,34.5876057604
train_177 train_176 book_788 doll_761 doll_760 doll_759,34.5876057604
train_175 train_174 book_787 doll_758 doll_757 doll_756,34.5876057604
train_173 train_172 book_786 doll_755 doll_754 doll_753,34.5876057604
train_171 train_170 book_785 doll_752 doll_751 doll_750,34.5876057604
train_169 train_168 book_784 doll_749 doll_748 doll_747,34.5876057604
train_167 train_166 book_783 doll_746 doll_745 doll_744,34.5876057604
train_165 train_164 book_782 doll_743 doll_742 doll_741,34.5876057604
train_163 train_162 book_781 doll_740 doll_739 doll_738,34.5876057604
train_161 train_160 book_780 doll_737 doll_736 doll_735,34.5876057604
train_159 train_158 book_779 doll_734 doll_733 doll_732,34.5876057604
train_157 train_156 book_778 doll_731 doll_730 doll_729,34.5876057604
train_155 train_154 book_777 doll_728 doll_727 doll_726,34.5876057604
train_153 train_152 book_776 doll_725 doll_724 doll_723,34.5876057604
train_151 train_150 book_775 doll_722 doll_721 doll_720,34.5876057604
train_149 train_148 book_774 doll_719 doll_718 doll_717,34.5876057604
train_147 train_146 book_773 doll_716 doll_715 doll_714,34.5876057604
train_145 train_144 book_772 doll_713 doll_712 doll_711,34.5876057604
train_143 train_142 book_771 doll_710 doll_709 doll_708,34.5876057604
train_141 train_140 book_770 doll_707 doll_706 doll_705,34.5876057604
train_139 train_138 book_769 doll_704 doll_703 doll_702,34.5876057604
train_137 train_136 book_768 doll_701 doll_700 doll_699,34.5876057604
train_135 train_134 book_767 doll_698 doll_697 doll_696,34.5876057604
train_133 train_132 book_766 doll_695 doll_694 doll_693,34.5876057604
train_131 train_130 book_765 doll_692 doll_691 doll_690,34.5876057604
train_129 train_128 book_764 doll_689 doll_688 doll_687,34.5876057604
train_127 train_126 book_763 doll_686 doll_685 doll_684,34.5876057604
train_125 train_124 book_762 doll_683 doll_682 doll_681,34.5876057604
train_123 train_122 book_761 doll_680 doll_679 doll_678,34.5876057604
train_121 train_120 book_760 doll_677 doll_676 doll_675,34.5876057604
train_119 train_118 book_759 doll_674 doll_673 doll_672,34.5876057604
train_117 train_116 book_758 doll_671 doll_670 doll_669,34.5876057604
train_115 train_114 book_757 doll_668 doll_667 doll_666,34.5876057604
train_113 train_112 book_756 doll_665 doll_664 doll_663,34.5876057604
train_111 train_110 book_755 doll_662 doll_661 doll_660,34.5876057604
train_109 train_108 book_754 doll_659 doll_658 doll_657,34.5876057604
train_107 train_106 book_753 doll_656 doll_655 doll_654,34.5876057604
train_105 train_104 book_752 doll_653 doll_652 doll_651,34.5876057604
train_103 train_102 book_751 doll_650 doll_649 doll_648,34.5876057604
train_101 train_100 book_750 doll_647 doll_646 doll_645,34.5876057604
train_99 train_98 book_749 doll_644 doll_643 doll_642,34.5876057604
train_97 train_96 book_748 doll_641 doll_640 doll_639,34.5876057604
train_95 train_94 book_747 doll_638 doll_637 doll_636,34.5876057604
train_93 train_92 book_746 doll_635 doll_634 doll_633,34.5876057604
train_91 train_90 book_745 doll_632 doll_631 doll_630,34.5876057604
train_89 train_88 book_744 doll_629 doll_628 doll_627,34.5876057604
train_87 train_86 book_743 doll_626 doll_625 doll_624,34.5876057604
train_85 train_84 book_742 doll_623 doll_622 doll_621,34.5876057604
train_83 train_82 book_741 doll_620 doll_619 doll_618,34.5876057604
train_81 train_80 book_740 doll_617 doll_616 doll_615,34.5876057604
train_79 train_78 book_739 doll_614 doll_613 doll_612,34.5876057604
train_77 train_76 book_738 doll_611 doll_610 doll_609,34.5876057604
train_75 train_74 book_737 doll_608 doll_607 doll_606,34.5876057604
train_73 train_72 book_736 doll_605 doll_604 doll_603,34.5876057604
train_71 train_70 book_735 doll_602 doll_601 doll_600,34.5876057604
train_69 train_68 book_734 doll_599 doll_598 doll_597,34.5876057604
train_67 train_66 book_733 doll_596 doll_595 doll_594,34.5876057604
train_65 train_64 book_732 doll_593 doll_592 doll_591,34.5876057604
train_63 train_62 book_731 doll_590 doll_589 doll_588,34.5876057604
train_61 train_60 book_730 doll_587 doll_586 doll_585,34.5876057604
train_59 train_58 book_729 doll_584 doll_583 doll_582,34.5876057604
train_57 train_56 book_728 doll_581 doll_580 doll_579,34.5876057604
train_55 train_54 book_727 doll_578 doll_577 doll_576,34.5876057604
train_53 train_52 book_726 doll_575 doll_574 doll_573,34.5876057604
train_51 train_50 book_725 doll_572 doll_571 doll_570,34.5876057604
train_49 train_48 book_724 doll_569 doll_568 doll_567,34.5876057604
train_47 train_46 book_723 doll_566 doll_565 doll_564,34.5876057604
train_45 train_44 book_722 doll_563 doll_562 doll_561,34.5876057604
train_43 train_42 book_721 doll_560 doll_559 doll_558,34.5876057604
train_41 train_40 book_720 doll_557 doll_556 doll_555,34.5876057604
train_39 train_38 book_719 doll_554 doll_553 doll_552,34.5876057604
train_37 train_36 book_718 doll_551 doll_550 doll_549,34.5876057604
train_35 train_34 book_717 doll_548 doll_547 doll_546,34.5876057604
train_33 train_32 book_716 doll_545 doll_544 doll_543,34.5876057604
train_31 train_30 book_715 doll_542 doll_541 doll_540,34.5876057604
train_29 train_28 book_714 doll_539 doll_538 doll_537,34.5876057604
train_27 train_26 book_713 doll_536 doll_535 doll_534,34.5876057604
train_25 train_24 book_712 doll_533 doll_532 doll_531,34.5876057604
train_23 train_22 book_711 doll_530 doll_529 doll_528,34.5876057604
train_21 train_20 book_710 doll_527 doll_526 doll_525,34.5876057604
train_19 train_18 book_709 doll_524 doll_523 doll_522,34.5876057604
train_17 train_16 book_708 doll_521 doll_520 doll_519,34.5876057604
train_15 train_14 book_707 doll_518 doll_517 doll_516,34.5876057604
train_13 train_12 book_706 doll_515 doll_514 doll_513,34.5876057604
train_11 train_10 book_705 doll_512 doll_511 doll_510,34.5876057604
train_9 train_8 book_704 doll_509 doll_508 doll_507,34.5876057604
train_7 train_6 book_703 doll_506 doll_505 doll_504,34.5876057604
train_5 train_4 book_702 doll_503 doll_502 doll_501,34.5876057604
train_3 train_2 book_701 doll_500 doll_499 doll_498,34.5876057604
train_1 train_0 book_700 doll_497 doll_496 doll_495,34.5876057604
bike_499 book_699 book_698 book_697 doll_494 doll_493,31.895116856799998
bike_498 book_696 book_695 book_694 doll_492 doll_491,31.895116856799998
bike_497 book_693 book_692 book_691 doll_490 doll_489,31.895116856799998
bike_496 book_690 book_689 book_688 doll_488 doll_487,31.895116856799998
bike_495 book_687 book_686 book_685 doll_486 doll_485,31.895116856799998
bike_494 book_684 book_683 book_682 doll_484 doll_483,31.895116856799998
bike_493 book_681 book_680 book_679 doll_482 doll_481,31.895116856799998
bike_492 book_678 book_677 book_676 doll_480 doll_479,31.895116856799998
bike_491 book_675 book_674 book_673 doll_478 doll_477,31.895116856799998
bike_490 book_672 book_671 book_670 doll_476 doll_475,31.895116856799998
bike_489 book_669 book_668 book_667 doll_474 doll_473,31.895116856799998
bike_488 book_666 book_665 book_664 doll_472 doll_471,31.895116856799998
bike_487 book_663 book_662 book_661 doll_470 doll_469,31.895116856799998
bike_486 book_660 book_659 book_658 doll_468 doll_467,31.895116856799998
bike_485 book_657 book_656 book_655 doll_466 doll_465,31.895116856799998
bike_484 book_654 book_653 book_652 doll_464 doll_463,31.895116856799998
bike_483 book_651 book_650 book_649 doll_462 doll_461,31.895116856799998
bike_482 book_648 book_647 book_646 doll_460 doll_459,31.895116856799998
bike_481 book_645 book_644 book_643 doll_458 doll_457,31.895116856799998
bike_480 book_642 book_641 book_640 doll_456 doll_455,31.895116856799998
bike_479 book_639 book_638 book_637 doll_454 doll_453,31.895116856799998
bike_478 book_636 book_635 book_634 doll_452 doll_451,31.895116856799998
bike_477 book_633 book_632 book_631 doll_450 doll_449,31.895116856799998
bike_476 book_630 book_629 book_628 doll_448 doll_447,31.895116856799998
bike_475 book_627 book_626 book_625 doll_446 doll_445,31.895116856799998
bike_474 book_624 book_623 book_622 doll_444 doll_443,31.895116856799998
bike_473 book_621 book_620 book_619 doll_442 doll_441,31.895116856799998
bike_472 book_618 book_617 book_616 doll_440 doll_439,31.895116856799998
bike_471 book_615 book_614 book_613 doll_438 doll_437,31.895116856799998
bike_470 book_612 book_611 book_610 doll_436 doll_435,31.895116856799998
bike_469 book_609 book_608 book_607 doll_434 doll_433,31.895116856799998
bike_468 book_606 book_605 book_604 doll_432 doll_431,31.895116856799998
bike_467 book_603 book_602 book_601 doll_430 doll_429,31.895116856799998
bike_466 book_600 book_599 book_598 doll_428 doll_427,31.895116856799998
bike_465 book_597 book_596 book_595 doll_426 doll_425,31.895116856799998
bike_464 book_594 book_593 book_592 doll_424 doll_423,31.895116856799998
bike_463 book_591 book_590 book_589 doll_422 doll_421,31.895116856799998
bike_462 book_588 book_587 book_586 doll_420 doll_419,31.895116856799998
bike_461 book_585 book_584 book_583 doll_418 doll_417,31.895116856799998
bike_460 book_582 book_581 book_580 doll_416 doll_415,31.895116856799998
bike_459 book_579 book_578 book_577 doll_414 doll_413,31.895116856799998
bike_458 book_576 book_575 book_574 doll_412 doll_411,31.895116856799998
bike_457 book_573 book_572 book_571 doll_410 doll_409,31.895116856799998
bike_456 book_570 book_569 book_568 doll_408 doll_407,31.895116856799998
bike_455 book_567 book_566 book_565 doll_406 doll_405,31.895116856799998
bike_454 book_564 book_563 book_562 doll_404 doll_403,31.895116856799998
bike_453 book_561 book_560 book_559 doll_402 doll_401,31.895116856799998
bike_452 book_558 book_557 book_556 doll_400 doll_399,31.895116856799998
bike_451 book_555 book_554 book_553 doll_398 doll_397,31.895116856799998
bike_450 book_552 book_551 book_550 doll_396 doll_395,31.895116856799998
bike_449 book_549 book_548 book_547 doll_394 doll_393,31.895116856799998
bike_448 book_546 book_545 book_544 doll_392 doll_391,31.895116856799998
bike_447 book_543 book_542 book_541 doll_390 doll_389,31.895116856799998
bike_446 book_540 book_539 book_538 doll_388 doll_387,31.895116856799998
bike_445 book_537 book_536 book_535 doll_386 doll_385,31.895116856799998
bike_444 book_534 book_533 book_532 doll_384 doll_383,31.895116856799998
bike_443 book_531 book_530 book_529 doll_382 doll_381,31.895116856799998
bike_442 book_528 book_527 book_526 doll_380 doll_379,31.895116856799998
bike_441 book_525 book_524 book_523 doll_378 doll_377,31.895116856799998
bike_440 book_522 book_521 book_520 doll_376 doll_375,31.895116856799998
bike_439 book_519 book_518 book_517 doll_374 doll_373,31.895116856799998
bike_438 book_516 book_515 book_514 doll_372 doll_371,31.895116856799998
bike_437 book_513 book_512 book_511 doll_370 doll_369,31.895116856799998
bike_436 book_510 book_509 book_508 doll_368 doll_367,31.895116856799998
bike_435 book_507 book_506 book_505 doll_366 doll_365,31.895116856799998
bike_434 book_504 book_503 book_502 doll_364 doll_363,31.895116856799998
bike_433 book_501 book_500 book_499 doll_362 doll_361,31.895116856799998
bike_432 book_498 book_497 book_496 doll_360 doll_359,31.895116856799998
bike_431 book_495 book_494 book_493 doll_358 doll_357,31.895116856799998
bike_430 book_492 book_491 book_490 doll_356 doll_355,31.895116856799998
bike_429 book_489 book_488 book_487 doll_354 doll_353,31.895116856799998
bike_428 book_486 book_485 book_484 doll_352 doll_351,31.895116856799998
bike_427 book_483 book_482 book_481 doll_350 doll_349,31.895116856799998
bike_426 book_480 book_479 book_478 doll_348 doll_347,31.895116856799998
bike_425 book_477 book_476 book_475 doll_346 doll_345,31.895116856799998
bike_424 book_474 book_473 book_472 doll_344 doll_343,31.895116856799998
bike_423 book_471 book_470 book_469 doll_342 doll_341,31.895116856799998
bike_422 book_468 book_467 book_466 doll_340 doll_339,31.895116856799998
bike_421 book_465 book_464 book_463 doll_338 doll_337,31.895116856799998
bike_420 book_462 book_461 book_460 doll_336 doll_335,31.895116856799998
bike_419 book_459 book_458 book_457 doll_334 doll_333,31.895116856799998
bike_418 book_456 book_455 book_454 doll_332 doll_331,31.895116856799998
bike_417 book_453 book_452 book_451 doll_330 doll_329,31.895116856799998
bike_416 book_450 book_449 book_448 doll_328 doll_327,31.895116856799998
bike_415 book_447 book_446 book_445 doll_326 doll_325,31.895116856799998
bike_414 book_444 book_443 book_442 doll_324 doll_323,31.895116856799998
bike_413 book_441 book_440 book_439 doll_322 doll_321,31.895116856799998
bike_412 book_438 book_437 book_436 doll_320 doll_319,31.895116856799998
bike_411 book_435 book_434 book_433 doll_318 doll_317,31.895116856799998
bike_410 book_432 book_431 book_430 doll_316 doll_315,31.895116856799998
bike_409 book_429 book_428 book_427 doll_314 doll_313,31.895116856799998
bike_408 book_426 book_425 book_424 doll_312 doll_311,31.895116856799998
bike_407 book_423 book_422 book_421 doll_310 doll_309,31.895116856799998
bike_406 book_420 book_419 book_418 doll_308 doll_307,31.895116856799998
bike_405 book_417 book_416 book_415 doll_306 doll_305,31.895116856799998
bike_404 book_414 book_413 book_412 doll_304 doll_303,31.895116856799998
bike_403 book_411 book_410 book_409 doll_302 doll_301,31.895116856799998
bike_402 book_408 book_407 book_406 doll_300 doll_299,31.895116856799998
bike_401 book_405 book_404 book_403 doll_298 doll_297,31.895116856799998
bike_400 book_402 book_401 book_400 doll_296 doll_295,31.895116856799998
bike_399 book_399 book_398 book_397 doll_294 doll_293,31.895116856799998
bike_398 book_396 book_395 book_394 doll_292 doll_291,31.895116856799998
bike_397 book_393 book_392 book_391 doll_290 doll_289,31.895116856799998
bike_396 book_390 book_389 book_388 doll_288 doll_287,31.895116856799998
bike_395 book_387 book_386 book_385 doll_286 doll_285,31.895116856799998
bike_394 book_384 book_383 book_382 doll_284 doll_283,31.895116856799998
bike_393 book_381 book_380 book_379 doll_282 doll_281,31.895116856799998
bike_392 book_378 book_377 book_376 doll_280 doll_279,31.895116856799998
bike_391 book_375 book_374 book_373 doll_278 doll_277,31.895116856799998
bike_390 book_372 book_371 book_370 doll_276 doll_275,31.895116856799998
bike_389 book_369 book_368 book_367 doll_274 doll_273,31.895116856799998
bike_388 book_366 book_365 book_364 doll_272 doll_271,31.895116856799998
bike_387 book_363 book_362 book_361 doll_270 doll_269,31.895116856799998
bike_386 book_360 book_359 book_358 doll_268 doll_267,31.895116856799998
bike_385 book_357 book_356 book_355 doll_266 doll_265,31.895116856799998
bike_384 book_354 book_353 book_352 doll_264 doll_263,31.895116856799998
bike_383 book_351 book_350 book_349 doll_262 doll_261,31.895116856799998
bike_382 book_348 book_347 book_346 doll_260 doll_259,31.895116856799998
bike_381 book_345 book_344 book_343 doll_258 doll_257,31.895116856799998
bike_380 book_342 book_341 book_340 doll_256 doll_255,31.895116856799998
bike_379 book_339 book_338 book_337 doll_254 doll_253,31.895116856799998
bike_378 book_336 book_335 book_334 doll_252 doll_251,31.895116856799998
bike_377 book_333 book_332 book_331 doll_250 doll_249,31.895116856799998
bike_376 book_330 book_329 book_328 doll_248 doll_247,31.895116856799998
bike_375 book_327 book_326 book_325 doll_246 doll_245,31.895116856799998
bike_374 book_324 book_323 book_322 doll_244 doll_243,31.895116856799998
bike_373 book_321 book_320 book_319 doll_242 doll_241,31.895116856799998
bike_372 book_318 book_317 book_316 doll_240 doll_239,31.895116856799998
bike_371 book_315 book_314 book_313 doll_238 doll_237,31.895116856799998
bike_370 book_312 book_311 book_310 doll_236 doll_235,31.895116856799998
bike_369 book_309 book_308 book_307 doll_234 doll_233,31.895116856799998
bike_368 book_306 book_305 book_304 doll_232 doll_231,31.895116856799998
bike_367 book_303 book_302 book_301 doll_230 doll_229,31.895116856799998
bike_366 book_300 book_299 book_298 doll_228 doll_227,31.895116856799998
bike_365 book_297 book_296 book_295 doll_226 doll_225,31.895116856799998
bike_364 book_294 book_293 book_292 doll_224 doll_223,31.895116856799998
bike_363 book_291 book_290 book_289 doll_222 doll_221,31.895116856799998
bike_362 book_288 book_287 book_286 doll_220 doll_219,31.895116856799998
bike_361 book_285 book_284 book_283 doll_218 doll_217,31.895116856799998
bike_360 book_282 book_281 book_280 doll_216 doll_215,31.895116856799998
bike_359 book_279 book_278 book_277 doll_214 doll_213,31.895116856799998
bike_358 book_276 book_275 book_274 doll_212 doll_211,31.895116856799998
bike_357 book_273 book_272 book_271 doll_210 doll_209,31.895116856799998
bike_356 book_270 book_269 book_268 doll_208 doll_207,31.895116856799998
bike_355 book_267 book_266 book_265 doll_206 doll_205,31.895116856799998
bike_354 book_264 book_263 book_262 doll_204 doll_203,31.895116856799998
bike_353 book_261 book_260 book_259 doll_202 doll_201,31.895116856799998
bike_352 book_258 book_257 book_256 doll_200 doll_199,31.895116856799998
bike_351 book_255 book_254 book_253 doll_198 doll_197,31.895116856799998
bike_350 book_252 book_251 book_250 doll_196 doll_195,31.895116856799998
bike_349 book_249 book_248 book_247 doll_194 doll_193,31.895116856799998
bike_348 book_246 book_245 book_244 doll_192 doll_191,31.895116856799998
bike_347 book_243 book_242 book_241 doll_190 doll_189,31.895116856799998
bike_346 book_240 book_239 book_238 doll_188 doll_187,31.895116856799998
bike_345 book_237 book_236 book_235 doll_186 doll_185,31.895116856799998
bike_344 book_234 book_233 book_232 doll_184 doll_183,31.895116856799998
bike_343 book_231 book_230 book_229 doll_182 doll_181,31.895116856799998
bike_342 book_228 book_227 book_226 doll_180 doll_179,31.895116856799998
bike_341 book_225 book_224 book_223 doll_178 doll_177,31.895116856799998
bike_340 book_222 book_221 book_220 doll_176 doll_175,31.895116856799998
bike_339 book_219 book_218 book_217 doll_174 doll_173,31.895116856799998
bike_338 book_216 book_215 book_214 doll_172 doll_171,31.895116856799998
bike_337 book_213 book_212 book_211 doll_170 doll_169,31.895116856799998
bike_336 book_210 book_209 book_208 doll_168 doll_167,31.895116856799998
bike_335 book_207 book_206 book_205 doll_166 doll_165,31.895116856799998
bike_334 book_204 book_203 book_202 doll_164 doll_163,31.895116856799998
